module,rotation,UDI-f,UDI-a,UDI-e
module_2_1,0,100,0,0
module_2_1,0,100,0,0
module_2_1,0,100,0,0
module_2_1,0,100,0,0
module_2_1,0,100,0,0
module_2_1,0,100,0,0
module_2_1,0,100,0,0
module_2_1,0,100,0,0
module_2_1,0,100,0,0
module_2_1,0,100,0,0
module_2_1,0,100,0,0
module_2_1,0,100,0,0
module_2_1,0,100,0,0
module_2_1,0,100,0,0
module_2_1,0,100,0,0
module_2_1,0,100,0,0
module_2_1,0,100,0,0
module_2_1,0,100,0,0
module_2_1,0,100,0,0
module_2_1,0,100,0,0
module_2_1,0,100,0,0
module_2_1,0,100,0,0
module_2_1,0,100,0,0
module_2_1,0,100,0,0
module_2_1,0,100,0,0
module_2_1,0,100,0,0
module_2_1,0,100,0,0
module_2_1,0,100,0,0
module_2_1,0,100,0,0
module_2_1,0,100,0,0
module_2_1,0,100,0,0
module_2_1,0,100,0,0
module_2_1,0,100,0,0
module_2_1,0,100,0,0
module_2_1,0,100,0,0
module_2_1,0,100,0,0
module_2_1,0,12.03,87.97,0
module_2_1,0,10.99,89.01,0
module_2_1,0,9.53,90.47,0
module_2_1,0,8.16,91.84,0
module_2_1,0,6.66,93.34,0
module_2_1,0,10.93,89.07,0
module_2_1,0,9.84,90.16,0
module_2_1,0,8.77,91.23,0
module_2_1,0,7.64,92.36,0
module_2_1,0,6.66,93.34,0
module_2_1,0,9.75,90.25,0
module_2_1,0,9.26,90.74,0
module_2_1,0,8.16,91.84,0
module_2_1,0,7.53,92.47,0
module_2_1,0,6.96,93.04,0
module_2_1,0,9.29,90.71,0
module_2_1,0,8.79,91.21,0
module_2_1,0,7.92,92.08,0
module_2_1,0,7.29,92.71,0
module_2_1,0,9.59,90.41,0
module_2_1,0,9.45,90.55,0
module_2_1,0,8.77,91.23,0
module_2_1,0,7.81,92.19,0
module_2_1,0,6.82,93.18,0
module_2_1,0,6.41,86.49,7.1
module_2_1,0,9.67,90.33,0
module_2_1,0,8.9,91.1,0
module_2_1,0,7.95,92.05,0
module_2_1,0,6.77,93.23,0
module_2_1,0,6.36,78.16,15.48
module_2_1,0,10.38,89.62,0
module_2_1,0,9.34,90.66,0
module_2_1,0,8.49,91.51,0
module_2_1,0,7.86,92.14,0
module_2_1,0,12.58,87.42,0
module_2_1,0,55.59,44.41,0
module_2_1,0,42.16,57.84,0
module_2_1,0,31.64,68.36,0
module_2_1,0,37.23,62.77,0
module_2_1,0,97.1,2.9,0
module_2_1,0,49.53,50.47,0
module_2_1,0,29.01,70.99,0
module_2_1,0,23.32,76.68,0
module_2_1,0,24.52,75.48,0
module_2_1,0,75.97,24.03,0
module_2_1,0,49.89,50.11,0
module_2_1,0,31.04,68.96,0
module_2_1,0,23.18,76.82,0
module_2_1,0,22.88,77.12,0
module_2_1,0,77.75,22.25,0
module_2_1,0,57.32,42.68,0
module_2_1,0,34.58,65.42,0
module_2_1,0,31.84,68.16,0
module_2_1,0,43.59,56.41,0
module_2_1,0,100,0,0
module_2_1,0,100,0,0
module_2_1,0,100,0,0
module_2_1,0,100,0,0
module_2_1,0,100,0,0
module_2_1,0,100,0,0
module_2_1,0,100,0,0
module_2_1,0,100,0,0
module_2_1,0,100,0,0
module_2_1,0,100,0,0
module_2_1,0,100,0,0
module_2_1,0,100,0,0
module_2_1,0,100,0,0
module_2_1,0,100,0,0
module_2_1,0,100,0,0
module_2_1,0,100,0,0
module_2_1,0,100,0,0
module_2_1,0,100,0,0
module_2_1,0,100,0,0
module_2_1,0,100,0,0
module_2_1,0,100,0,0
module_2_1,0,12.85,87.15,0
module_2_1,0,11.26,88.74,0
module_2_1,0,9.95,90.05,0
module_2_1,0,8.99,91.01,0
module_2_1,0,8.16,91.84,0
module_2_1,0,7.42,92.58,0
module_2_1,0,13.26,86.74,0
module_2_1,0,11.64,88.36,0
module_2_1,0,9.75,90.25,0
module_2_1,0,8.79,91.21,0
module_2_1,0,7.95,92.05,0
module_2_1,0,7.04,92.96,0
module_2_1,0,13.95,86.05,0
module_2_1,0,11.45,88.55,0
module_2_1,0,9.7,90.3,0
module_2_1,0,8.77,91.23,0
module_2_1,0,7.64,92.36,0
module_2_1,0,6.79,93.21,0
module_2_1,0,15.37,84.63,0
module_2_1,0,6.77,93.23,0
module_2_1,0,19.95,80.05,0
module_2_1,0,62.99,37.01,0
module_2_1,0,13.56,86.44,0
module_2_1,0,13.21,86.79,0
module_2_1,0,14.05,85.95,0
module_2_1,0,12.99,87.01,0
module_2_1,0,11.04,88.96,0
module_2_1,0,13.89,86.11,0
module_2_1,0,13.73,86.27,0
module_2_1,0,13.7,86.3,0
module_2_1,0,11.56,88.44,0
module_2_1,0,13.81,86.19,0
module_2_1,0,13.81,86.19,0
module_2_1,0,10.58,89.42,0
module_2_1,0,9.37,90.63,0
module_2_1,0,9.7,90.3,0
module_2_1,0,8.93,91.07,0
module_2_1,0,7.62,92.38,0
module_2_1,0,8.16,91.84,0
module_2_1,0,7.12,92.88,0
module_2_1,0,8.41,91.59,0
module_2_1,0,6.77,93.23,0
module_2_1,0,7.89,92.11,0
module_2_1,0,6.6,93.01,0.38
module_2_1,0,6.47,92.49,1.04
module_2_1,0,6.6,92.99,0.41
module_2_1,0,6.66,93.34,0
module_2_1,0,6.74,93.26,0
module_2_1,0,14.79,85.21,0
module_2_1,0,15.97,84.03,0
module_2_1,0,15.07,84.93,0
module_2_1,0,16.88,83.12,0
module_2_1,0,13.23,86.77,0
module_2_1,0,33.32,66.68,0
module_2_1,0,13.48,86.52,0
module_2_1,0,20.74,79.26,0
module_2_1,0,90.55,9.45,0
module_2_1,0,100,0,0
module_2_1,0,90.03,9.97,0
module_2_1,0,60.71,39.29,0
module_2_1,0,64.19,35.81,0
module_2_1,0,100,0,0
module_2_1,0,30.11,69.89,0
module_2_1,0,80.63,19.37,0
module_2_1,0,8.79,91.21,0
module_2_1,0,8,92,0
module_2_1,0,6.38,91.95,1.67
module_2_1,0,6.47,92.99,0.55
module_2_1,0,7.07,92.93,0
module_2_1,0,6.38,92.03,1.59
module_2_1,0,10.14,89.86,0
module_2_1,0,100,0,0
module_2_1,0,6.74,93.26,0
module_2_1,0,9.51,90.49,0
module_2_1,0,6.99,93.01,0
module_2_1,0,6.38,73.86,19.75
module_2_1,0,6.36,54.49,39.15
module_2_1,0,6.36,49.73,43.92
module_2_1,0,6.36,56.96,36.68
module_2_1,0,6.41,79.73,13.86
module_2_1,0,7.1,91.37,1.53
module_2_1,0,6.63,85.23,8.14
module_2_1,0,6.47,79.42,14.11
module_2_1,0,6.44,73.07,20.49
module_2_1,0,6.41,74.22,19.37
module_2_1,0,6.38,81.53,12.08
module_2_1,0,7.64,91.32,1.04
module_2_1,0,6.9,88.96,4.14
module_2_1,0,6.74,85.7,7.56
module_2_1,0,6.63,83.23,10.14
module_2_1,0,6.52,84.79,8.68
module_2_1,0,6.38,85.48,8.14
module_2_1,0,7.81,91.4,0.79
module_2_1,0,7.26,90.66,2.08
module_2_1,0,6.88,89.92,3.21
module_2_1,0,6.71,90.25,3.04
module_2_1,0,6.6,90.3,3.1
module_2_1,0,6.38,90.19,3.42
module_2_1,0,8.05,91.67,0.27
module_2_1,0,7.64,91.42,0.93
module_2_1,0,7.01,91.92,1.07
module_2_1,0,6.79,92.22,0.99
module_2_1,0,6.63,92.3,1.07
module_2_1,0,6.38,91.89,1.73
module_2_1,0,8.41,91.59,0
module_2_1,0,7.81,92.11,0.08
module_2_1,0,7.29,92.71,0
module_2_1,0,6.85,93.15,0
module_2_1,0,6.63,93.32,0.05
module_2_1,0,6.44,92.79,0.77
module_2_1,0,8.79,91.21,0
module_2_1,0,8.08,91.92,0
module_2_1,0,7.53,92.47,0
module_2_1,0,6.99,93.01,0
module_2_1,0,6.63,93.37,0
module_2_1,0,6.52,93.34,0.14
module_2_1,0,9.75,90.25,0
module_2_1,0,17.18,82.82,0
module_2_1,0,34.44,65.56,0
module_2_1,0,59.34,40.66,0
module_2_1,0,81.23,18.77,0
module_2_1,0,98.47,1.53,0
module_2_1,0,99.29,0.71,0
module_2_1,0,98.88,1.12,0
module_2_1,0,9.04,90.96,0
module_2_1,0,8.9,91.1,0
module_2_1,0,8.22,91.78,0
module_2_1,0,8.3,91.7,0
module_2_1,0,8.11,91.89,0
module_2_1,0,6.47,88.19,5.34
module_2_1,0,7.56,92.44,0
module_2_1,0,8,92,0
module_2_1,0,6.36,46.27,47.37
module_2_1,0,8,92,0
module_2_1,0,8.14,91.86,0
module_2_1,0,8.47,91.53,0
module_2_1,0,8.9,91.1,0
module_2_1,0,8.19,91.81,0
module_2_1,0,8.25,91.75,0
module_2_1,0,8.47,91.53,0
module_2_1,0,9.07,90.93,0
module_2_1,0,8.6,91.4,0
module_2_1,0,9.32,90.68,0
module_2_1,0,8.11,91.89,0
module_2_1,0,6.36,42.96,50.68
module_2_1,0,6.36,42.11,51.53
module_2_1,0,6.36,38.63,55.01
module_2_1,0,6.36,37.73,55.92
module_2_1,0,6.66,90.38,2.96
module_2_1,0,6.6,92.88,0.52
module_2_1,0,6.38,86.79,6.82
module_2_1,0,6.38,83.34,10.27
module_2_1,0,6.38,78.49,15.12
module_2_1,0,6.38,81.4,12.22
module_2_1,0,6.38,82.36,11.26
module_2_1,0,6.38,84.58,9.04
module_2_1,0,6.38,87.7,5.92
module_2_1,0,6.38,90.14,3.48
module_2_1,0,6.38,77.4,16.22
module_2_1,0,6.36,77.37,16.27
module_2_1,0,6.38,80.08,13.53
module_2_1,0,6.38,86.82,6.79
module_2_1,0,6.38,84.58,9.04
module_2_1,0,6.38,92.08,1.53
module_2_1,0,11.4,88.6,0
module_2_1,0,19.53,80.47,0
module_2_1,0,15.67,84.33,0
module_2_1,0,44.93,55.07,0
module_2_1,0,24.79,75.21,0
module_2_1,0,65.23,34.77,0
module_2_1,0,32.9,67.1,0
module_2_1,0,42.22,57.78,0
module_2_1,0,71.84,28.16,0
module_2_1,0,9.45,90.55,0
module_2_1,0,97.84,2.16,0
module_2_1,0,98.49,1.51,0
module_2_1,0,97.86,2.14,0
module_2_1,0,98.19,1.81,0
module_2_1,0,97.92,2.08,0
module_2_1,0,98.77,1.23,0
module_2_1,0,99.97,0.03,0
module_2_1,0,97.84,2.16,0
module_2_1,0,99.12,0.88,0
module_2_1,0,98.19,1.81,0
module_2_1,0,68,32,0
module_2_1,0,7.51,92.49,0
module_2_1,0,7.21,92.74,0.05
module_2_1,0,8.63,91.37,0
module_2_1,0,7.01,92.99,0
module_2_1,0,6.79,93.21,0
module_2_1,0,6.63,93.37,0
module_2_1,0,6.49,92.44,1.07
module_2_1,0,6.38,90.03,3.59
module_2_1,0,98.74,1.26,0
module_2_1,0,100,0,0
module_2_1,0,100,0,0
module_2_1,0,99.26,0.74,0
module_2_1,0,98.66,1.34,0
module_2_1,0,99.95,0.05,0
module_2_1,0,57.1,42.9,0
module_2_1,0,88.08,11.92,0
module_2_1,0,99.34,0.66,0
module_2_1,0,99.92,0.08,0
module_2_1,0,99.18,0.82,0
module_2_1,0,21.89,78.11,0
module_2_1,0,96.77,3.23,0
module_2_1,0,10.11,89.89,0
module_2_1,0,100,0,0
module_2_1,0,100,0,0
module_2_1,0,100,0,0
module_2_1,0,100,0,0
module_2_1,0,100,0,0
module_2_1,0,100,0,0
module_2_1,0,100,0,0
module_2_1,0,100,0,0
module_2_1,0,100,0,0
module_2_1,0,100,0,0
module_2_1,0,100,0,0
module_2_1,0,100,0,0
module_2_1,0,100,0,0
module_2_1,0,100,0,0
module_2_1,0,100,0,0
module_2_1,0,100,0,0
module_2_1,0,100,0,0
module_2_1,0,100,0,0
module_2_1,0,100,0,0
module_2_1,0,100,0,0
module_2_1,0,100,0,0
module_2_1,0,100,0,0
module_2_1,0,100,0,0
module_2_1,0,100,0,0
module_2_1,0,100,0,0
module_2_1,0,100,0,0
module_2_1,0,100,0,0
module_2_1,0,100,0,0
module_2_1,0,100,0,0
module_2_1,0,100,0,0
module_2_1,0,100,0,0
module_2_1,0,100,0,0
module_2_1,0,100,0,0
module_2_1,0,100,0,0
module_2_1,0,100,0,0
module_2_1,0,100,0,0
module_2_1,0,11.34,88.66,0
module_2_1,0,10.93,89.07,0
module_2_1,0,9.67,90.33,0
module_2_1,0,8.25,91.75,0
module_2_1,0,6.82,93.18,0
module_2_1,0,10.08,89.92,0
module_2_1,0,9.7,90.3,0
module_2_1,0,8.93,91.07,0
module_2_1,0,7.89,92.11,0
module_2_1,0,6.93,93.07,0
module_2_1,0,9.64,90.36,0
module_2_1,0,9.4,90.6,0
module_2_1,0,8.33,91.67,0
module_2_1,0,7.7,92.3,0
module_2_1,0,7.21,92.79,0
module_2_1,0,9.32,90.68,0
module_2_1,0,9.04,90.96,0
module_2_1,0,8.11,91.89,0
module_2_1,0,7.29,92.71,0
module_2_1,0,7.42,92.58,0
module_2_1,0,9.64,90.36,0
module_2_1,0,8.9,91.1,0
module_2_1,0,8,92,0
module_2_1,0,6.99,93.01,0
module_2_1,0,6.41,88.3,5.29
module_2_1,0,9.84,90.16,0
module_2_1,0,9.23,90.77,0
module_2_1,0,8.33,91.67,0
module_2_1,0,7.37,92.63,0
module_2_1,0,6.63,92.88,0.49
module_2_1,0,10.77,89.23,0
module_2_1,0,9.86,90.14,0
module_2_1,0,8.71,91.29,0
module_2_1,0,8.3,91.7,0
module_2_1,0,10.6,89.4,0
module_2_1,0,62.03,37.97,0
module_2_1,0,41.21,58.79,0
module_2_1,0,32.68,67.32,0
module_2_1,0,28.74,71.26,0
module_2_1,0,57.42,42.58,0
module_2_1,0,47.62,52.38,0
module_2_1,0,36.08,63.92,0
module_2_1,0,24.47,75.53,0
module_2_1,0,21.45,78.55,0
module_2_1,0,39.45,60.55,0
module_2_1,0,50.88,49.12,0
module_2_1,0,36.49,63.51,0
module_2_1,0,25.89,74.11,0
module_2_1,0,23.04,76.96,0
module_2_1,0,49.92,50.08,0
module_2_1,0,59.7,40.3,0
module_2_1,0,40.93,59.07,0
module_2_1,0,37.04,62.96,0
module_2_1,0,43.34,56.66,0
module_2_1,0,94.88,5.12,0
module_2_1,0,100,0,0
module_2_1,0,100,0,0
module_2_1,0,100,0,0
module_2_1,0,100,0,0
module_2_1,0,100,0,0
module_2_1,0,100,0,0
module_2_1,0,100,0,0
module_2_1,0,100,0,0
module_2_1,0,100,0,0
module_2_1,0,100,0,0
module_2_1,0,100,0,0
module_2_1,0,100,0,0
module_2_1,0,100,0,0
module_2_1,0,100,0,0
module_2_1,0,100,0,0
module_2_1,0,100,0,0
module_2_1,0,100,0,0
module_2_1,0,100,0,0
module_2_1,0,100,0,0
module_2_1,0,100,0,0
module_2_1,0,13.04,86.96,0
module_2_1,0,12.19,87.81,0
module_2_1,0,10.38,89.62,0
module_2_1,0,9.32,90.68,0
module_2_1,0,8.25,91.75,0
module_2_1,0,7.56,92.44,0
module_2_1,0,13.89,86.11,0
module_2_1,0,12.58,87.42,0
module_2_1,0,10.27,89.73,0
module_2_1,0,8.99,91.01,0
module_2_1,0,8.05,91.95,0
module_2_1,0,7.18,92.82,0
module_2_1,0,14.3,85.7,0
module_2_1,0,12.49,87.51,0
module_2_1,0,10.36,89.64,0
module_2_1,0,8.9,91.1,0
module_2_1,0,7.97,92.03,0
module_2_1,0,7.07,92.93,0
module_2_1,0,16.03,83.97,0
module_2_1,0,30.79,69.21,0
module_2_1,0,75.89,24.11,0
module_2_1,0,8.52,91.48,0
module_2_1,0,7.7,92.3,0
module_2_1,0,11.15,88.85,0
module_2_1,0,7.48,92.52,0
module_2_1,0,6.52,85.51,7.97
module_2_1,0,6.38,69.62,24
module_2_1,0,6.38,60.27,33.34
module_2_1,0,6.38,60.58,33.04
module_2_1,0,6.38,72.22,21.4
module_2_1,0,7.62,92.3,0.08
module_2_1,0,6.85,87.62,5.53
module_2_1,0,6.63,83.95,9.42
module_2_1,0,6.52,79.15,14.33
module_2_1,0,6.47,77.97,15.56
module_2_1,0,6.41,81.86,11.73
module_2_1,0,7.81,91.56,0.63
module_2_1,0,7.21,89.45,3.34
module_2_1,0,6.85,88.44,4.71
module_2_1,0,6.63,87.1,6.27
module_2_1,0,6.6,87.23,6.16
module_2_1,0,6.44,88.44,5.12
module_2_1,0,8.03,91.42,0.55
module_2_1,0,7.64,91.53,0.82
module_2_1,0,6.99,91.18,1.84
module_2_1,0,6.79,90.36,2.85
module_2_1,0,6.63,91.21,2.16
module_2_1,0,6.47,91.56,1.97
module_2_1,0,8.36,91.64,0
module_2_1,0,7.81,91.84,0.36
module_2_1,0,7.32,92.27,0.41
module_2_1,0,6.85,92.71,0.44
module_2_1,0,6.63,93.01,0.36
module_2_1,0,6.47,93.1,0.44
module_2_1,0,8.52,91.48,0
module_2_1,0,8.11,91.89,0
module_2_1,0,7.7,92.3,0
module_2_1,0,6.96,93.04,0
module_2_1,0,6.71,93.29,0
module_2_1,0,6.58,93.42,0
module_2_1,0,9.07,90.93,0
module_2_1,0,8.41,91.59,0
module_2_1,0,7.67,92.33,0
module_2_1,0,7.04,92.96,0
module_2_1,0,6.79,93.21,0
module_2_1,0,6.63,93.37,0
module_2_1,0,10.99,89.01,0
module_2_1,0,21.12,78.88,0
module_2_1,0,39.42,60.58,0
module_2_1,0,61.07,38.93,0
module_2_1,0,95.21,4.79,0
module_2_1,0,98.52,1.48,0
module_2_1,0,98.66,1.34,0
module_2_1,0,98.9,1.1,0
module_2_1,0,6.36,57.92,35.73
module_2_1,0,6.36,34.58,59.07
module_2_1,0,6.38,57.81,35.81
module_2_1,0,6.47,75.42,18.11
module_2_1,0,7.7,92.25,0.05
module_2_1,0,6.88,93.01,0.11
module_2_1,0,6.66,93.23,0.11
module_2_1,45,100,0,0
module_2_1,45,100,0,0
module_2_1,45,100,0,0
module_2_1,45,100,0,0
module_2_1,45,100,0,0
module_2_1,45,100,0,0
module_2_1,45,100,0,0
module_2_1,45,100,0,0
module_2_1,45,100,0,0
module_2_1,45,100,0,0
module_2_1,45,100,0,0
module_2_1,45,100,0,0
module_2_1,45,100,0,0
module_2_1,45,100,0,0
module_2_1,45,100,0,0
module_2_1,45,100,0,0
module_2_1,45,100,0,0
module_2_1,45,100,0,0
module_2_1,45,100,0,0
module_2_1,45,100,0,0
module_2_1,45,100,0,0
module_2_1,45,100,0,0
module_2_1,45,100,0,0
module_2_1,45,100,0,0
module_2_1,45,100,0,0
module_2_1,45,100,0,0
module_2_1,45,100,0,0
module_2_1,45,100,0,0
module_2_1,45,100,0,0
module_2_1,45,100,0,0
module_2_1,45,100,0,0
module_2_1,45,100,0,0
module_2_1,45,100,0,0
module_2_1,45,100,0,0
module_2_1,45,100,0,0
module_2_1,45,100,0,0
module_2_1,45,11.75,88.25,0
module_2_1,45,10.11,89.89,0
module_2_1,45,8.36,91.64,0
module_2_1,45,7.1,92.9,0
module_2_1,45,6.38,84.74,8.88
module_2_1,45,11.75,88.25,0
module_2_1,45,10.08,89.92,0
module_2_1,45,8.16,91.84,0
module_2_1,45,6.66,87.29,6.05
module_2_1,45,6.38,70.88,22.74
module_2_1,45,11.67,88.33,0
module_2_1,45,9.67,90.14,0.19
module_2_1,45,7.97,89.4,2.63
module_2_1,45,6.79,85.07,8.14
module_2_1,45,6.38,73.81,19.81
module_2_1,45,11.95,88.05,0
module_2_1,45,9.56,89.21,1.23
module_2_1,45,8,88.25,3.75
module_2_1,45,6.99,85.4,7.62
module_2_1,45,8.05,88.66,3.29
module_2_1,45,16.82,83.18,0
module_2_1,45,19.04,80.36,0.6
module_2_1,45,55.29,44.71,0
module_2_1,45,6.63,90.74,2.63
module_2_1,45,6.38,84,9.62
module_2_1,45,17.01,82.99,0
module_2_1,45,20.79,79.21,0
module_2_1,45,42.63,57.37,0
module_2_1,45,6.52,86.14,7.34
module_2_1,45,6.36,70.05,23.59
module_2_1,45,19.21,80.74,0.05
module_2_1,45,19.92,80.08,0
module_2_1,45,10.25,87.34,2.41
module_2_1,45,8.3,84.99,6.71
module_2_1,45,16.14,81.92,1.95
module_2_1,45,62.6,37.4,0
module_2_1,45,37.1,62.9,0
module_2_1,45,87.21,12.79,0
module_2_1,45,96.49,3.51,0
module_2_1,45,37.01,62.99,0
module_2_1,45,22.99,77.01,0
module_2_1,45,94.41,5.59,0
module_2_1,45,48,50.79,1.21
module_2_1,45,43.04,56.96,0
module_2_1,45,97.67,2.33,0
module_2_1,45,93.86,6.14,0
module_2_1,45,64.44,35.56,0
module_2_1,45,64.9,35.1,0
module_2_1,45,97.81,2.19,0
module_2_1,45,99.04,0.96,0
module_2_1,45,97.89,2.11,0
module_2_1,45,99.78,0.22,0
module_2_1,45,99.86,0.14,0
module_2_1,45,99.86,0.14,0
module_2_1,45,99.92,0.08,0
module_2_1,45,100,0,0
module_2_1,45,100,0,0
module_2_1,45,100,0,0
module_2_1,45,100,0,0
module_2_1,45,100,0,0
module_2_1,45,100,0,0
module_2_1,45,100,0,0
module_2_1,45,100,0,0
module_2_1,45,100,0,0
module_2_1,45,100,0,0
module_2_1,45,100,0,0
module_2_1,45,100,0,0
module_2_1,45,100,0,0
module_2_1,45,100,0,0
module_2_1,45,100,0,0
module_2_1,45,100,0,0
module_2_1,45,100,0,0
module_2_1,45,100,0,0
module_2_1,45,100,0,0
module_2_1,45,100,0,0
module_2_1,45,6.38,80.33,13.29
module_2_1,45,6.36,64.9,28.74
module_2_1,45,6.36,64.03,29.62
module_2_1,45,6.36,66.71,26.93
module_2_1,45,6.52,90.52,2.96
module_2_1,45,6.44,84.9,8.66
module_2_1,45,6.41,81.78,11.81
module_2_1,45,7.01,92.96,0.03
module_2_1,45,6.79,90.79,2.41
module_2_1,45,6.71,88.96,4.33
module_2_1,45,7.81,92.19,0
module_2_1,45,7.62,91.73,0.66
module_2_1,45,7.45,91.32,1.23
module_2_1,45,8.82,91.18,0
module_2_1,45,8.6,91.4,0
module_2_1,45,8.82,90.99,0.19
module_2_1,45,9.67,90.33,0
module_2_1,45,9.75,90.25,0
module_2_1,45,10.22,89.78,0
module_2_1,45,10.33,89.37,0.3
module_2_1,45,19.7,80.11,0.19
module_2_1,45,54.22,45.78,0
module_2_1,45,6.36,73.26,20.38
module_2_1,45,6.38,91.95,1.67
module_2_1,45,6.36,51.26,42.38
module_2_1,45,6.36,44.93,48.71
module_2_1,45,6.36,44.08,49.56
module_2_1,45,7.4,92.6,0
module_2_1,45,8.14,91.86,0
module_2_1,45,6.85,93.15,0
module_2_1,45,8.49,91.51,0
module_2_1,45,6.36,45.45,48.19
module_2_1,45,6.36,50.44,43.21
module_2_1,45,6.36,56.3,37.34
module_2_1,45,6.36,48.74,44.9
module_2_1,45,6.38,66.08,27.53
module_2_1,45,6.49,83.29,10.22
module_2_1,45,6.85,88.55,4.6
module_2_1,45,6.47,79.12,14.41
module_2_1,45,7.1,88.63,4.27
module_2_1,45,6.68,85.29,8.03
module_2_1,45,7.51,89.86,2.63
module_2_1,45,6.38,72.79,20.82
module_2_1,45,9.95,90.05,0
module_2_1,45,10.36,89.64,0
module_2_1,45,9.07,90.19,0.74
module_2_1,45,10.58,89.42,0
module_2_1,45,11.59,88.41,0
module_2_1,45,10.63,89.37,0
module_2_1,45,10.85,89.15,0
module_2_1,45,10.74,89.26,0
module_2_1,45,10.22,89.78,0
module_2_1,45,10.27,89.73,0
module_2_1,45,10.6,89.4,0
module_2_1,45,11.59,88.41,0
module_2_1,45,17.26,82.22,0.52
module_2_1,45,8.77,90.19,1.04
module_2_1,45,88.66,11.34,0
module_2_1,45,61.48,38.52,0
module_2_1,45,54.6,45.4,0
module_2_1,45,82.11,17.89,0
module_2_1,45,13.56,86.3,0.14
module_2_1,45,11.37,88.63,0
module_2_1,45,17.51,82.47,0.03
module_2_1,45,67.07,32.93,0
module_2_1,45,84.22,15.78,0
module_2_1,45,61.15,38.85,0
module_2_1,45,31.78,68.22,0
module_2_1,45,11.45,88.55,0
module_2_1,45,7.95,90.05,2
module_2_1,45,6.71,81.48,11.81
module_2_1,45,6.38,55.37,38.25
module_2_1,45,6.36,39.18,54.47
module_2_1,45,6.36,42.49,51.15
module_2_1,45,6.36,45.34,48.3
module_2_1,45,6.36,48,45.64
module_2_1,45,6.85,84.25,8.9
module_2_1,45,6.63,77.32,16.05
module_2_1,45,6.41,66.05,27.53
module_2_1,45,6.38,58.11,35.51
module_2_1,45,6.36,55.56,38.08
module_2_1,45,6.36,47.84,45.81
module_2_1,45,7.04,88.41,4.55
module_2_1,45,6.77,83.21,10.03
module_2_1,45,6.63,82.88,10.49
module_2_1,45,6.47,76.68,16.85
module_2_1,45,6.38,68.74,24.88
module_2_1,45,6.36,54.66,38.99
module_2_1,45,7.23,90.14,2.63
module_2_1,45,6.9,86.25,6.85
module_2_1,45,6.66,82.36,10.99
module_2_1,45,6.47,78.88,14.66
module_2_1,45,6.38,72.36,21.26
module_2_1,45,6.36,62.55,31.1
module_2_1,45,7.45,89.92,2.63
module_2_1,45,7.12,88.11,4.77
module_2_1,45,6.85,84.68,8.47
module_2_1,45,6.55,80.96,12.49
module_2_1,45,6.41,75.78,17.81
module_2_1,45,6.36,65.86,27.78
module_2_1,45,7.67,89.75,2.58
module_2_1,45,7.18,88.77,4.05
module_2_1,45,6.88,85.45,7.67
module_2_1,45,6.68,83.86,9.45
module_2_1,45,6.47,79.21,14.33
module_2_1,45,6.38,70.58,23.04
module_2_1,45,8.16,88.36,3.48
module_2_1,45,7.51,88.19,4.3
module_2_1,45,7.04,85.64,7.32
module_2_1,45,6.74,83.78,9.48
module_2_1,45,6.52,79.56,13.92
module_2_1,45,6.38,73.62,20
module_2_1,45,10.19,86.77,3.04
module_2_1,45,13.64,85.51,0.85
module_2_1,45,39.62,60.38,0
module_2_1,45,57.53,42.47,0
module_2_1,45,87.92,12.08,0
module_2_1,45,92.49,7.51,0
module_2_1,45,96.68,3.32,0
module_2_1,45,99.86,0.14,0
module_2_1,45,8.44,91.56,0
module_2_1,45,8.22,91.78,0
module_2_1,45,7.64,90.27,2.08
module_2_1,45,7.4,88.82,3.78
module_2_1,45,6.38,73.56,20.05
module_2_1,45,6.93,88.16,4.9
module_2_1,45,6.36,40.66,52.99
module_2_1,45,6.36,33.29,60.36
module_2_1,45,7.23,90.68,2.08
module_2_1,45,7.42,90.74,1.84
module_2_1,45,7.7,90.79,1.51
module_2_1,45,7.95,90.14,1.92
module_2_1,45,7.42,90.88,1.7
module_2_1,45,8.66,89.01,2.33
module_2_1,45,6.36,29.92,63.73
module_2_1,45,6.36,29.01,64.63
module_2_1,45,6.36,22.66,70.99
module_2_1,45,6.36,26.27,67.37
module_2_1,45,6.36,25.84,67.81
module_2_1,45,6.38,84.19,9.42
module_2_1,45,6.36,77.56,16.08
module_2_1,45,6.36,40.6,53.04
module_2_1,45,6.38,62.47,31.15
module_2_1,45,6.36,45.48,48.16
module_2_1,45,6.36,41.62,52.03
module_2_1,45,6.36,50.27,43.37
module_2_1,45,6.36,57.01,36.63
module_2_1,45,6.36,63.01,30.63
module_2_1,45,6.36,64.27,29.37
module_2_1,45,6.36,60.93,32.71
module_2_1,45,6.36,60.77,32.88
module_2_1,45,6.36,40.66,52.99
module_2_1,45,6.36,46.55,47.1
module_2_1,45,6.36,53.26,40.38
module_2_1,45,6.36,60.19,33.45
module_2_1,45,6.36,58.08,35.56
module_2_1,45,6.36,42.85,50.79
module_2_1,45,10.68,87.53,1.78
module_2_1,45,12.05,86.22,1.73
module_2_1,45,32.3,67.48,0.22
module_2_1,45,27.42,72.58,0
module_2_1,45,56.88,43.12,0
module_2_1,45,46.22,53.78,0
module_2_1,45,9.1,87.21,3.7
module_2_1,45,89.81,10.19,0
module_2_1,45,95.67,4.33,0
module_2_1,45,96.14,3.86,0
module_2_1,45,97.78,2.22,0
module_2_1,45,97.21,2.79,0
module_2_1,45,98.14,1.86,0
module_2_1,45,73.95,26.05,0
module_2_1,45,7.07,84.55,8.38
module_2_1,45,6.9,83.53,9.56
module_2_1,45,7.15,85.48,7.37
module_2_1,45,7.78,87.97,4.25
module_2_1,45,6.85,83.12,10.03
module_2_1,45,6.6,80.27,13.12
module_2_1,45,6.47,76.93,16.6
module_2_1,45,6.47,73.84,19.7
module_2_1,45,6.58,78.85,14.58
module_2_1,45,6.74,82.68,10.58
module_2_1,45,6.36,62.33,31.32
module_2_1,45,96.6,3.4,0
module_2_1,45,98.19,1.81,0
module_2_1,45,98.55,1.45,0
module_2_1,45,99.7,0.3,0
module_2_1,45,97.56,2.44,0
module_2_1,45,98.27,1.73,0
module_2_1,45,57.62,42.38,0
module_2_1,45,84.08,15.92,0
module_2_1,45,93.26,6.74,0
module_2_1,45,97.64,2.36,0
module_2_1,45,96.14,3.86,0
module_2_1,45,24.19,75.81,0
module_2_1,45,91.04,8.96,0
module_2_1,45,9.37,88.36,2.27
module_2_1,45,100,0,0
module_2_1,45,100,0,0
module_2_1,45,100,0,0
module_2_1,45,100,0,0
module_2_1,45,100,0,0
module_2_1,45,100,0,0
module_2_1,45,100,0,0
module_2_1,45,100,0,0
module_2_1,45,100,0,0
module_2_1,45,100,0,0
module_2_1,45,100,0,0
module_2_1,45,100,0,0
module_2_1,45,100,0,0
module_2_1,45,100,0,0
module_2_1,45,100,0,0
module_2_1,45,100,0,0
module_2_1,45,100,0,0
module_2_1,45,100,0,0
module_2_1,45,100,0,0
module_2_1,45,100,0,0
module_2_1,45,100,0,0
module_2_1,45,100,0,0
module_2_1,45,100,0,0
module_2_1,45,100,0,0
module_2_1,45,100,0,0
module_2_1,45,100,0,0
module_2_1,45,100,0,0
module_2_1,45,100,0,0
module_2_1,45,100,0,0
module_2_1,45,100,0,0
module_2_1,45,100,0,0
module_2_1,45,100,0,0
module_2_1,45,100,0,0
module_2_1,45,100,0,0
module_2_1,45,100,0,0
module_2_1,45,100,0,0
module_2_1,45,12.27,87.73,0
module_2_1,45,10.79,89.21,0
module_2_1,45,8.85,91.15,0
module_2_1,45,7.48,92.52,0
module_2_1,45,6.44,86.25,7.32
module_2_1,45,11.78,88.22,0
module_2_1,45,10.96,89.04,0
module_2_1,45,8.63,91.37,0
module_2_1,45,7.1,91.89,1.01
module_2_1,45,6.38,79.26,14.36
module_2_1,45,11.7,88.3,0
module_2_1,45,10.3,89.7,0
module_2_1,45,8.52,90.14,1.34
module_2_1,45,7.07,87.26,5.67
module_2_1,45,6.63,81.29,12.08
module_2_1,45,13.78,86.22,0
module_2_1,45,10.79,88.71,0.49
module_2_1,45,8.33,89.12,2.55
module_2_1,45,7.12,88.41,4.47
module_2_1,45,7.29,84.93,7.78
module_2_1,45,16.88,83.1,0.03
module_2_1,45,18.03,81.81,0.16
module_2_1,45,29.29,70.71,0
module_2_1,45,6.68,90.47,2.85
module_2_1,45,6.38,76.82,16.79
module_2_1,45,19.75,80.25,0
module_2_1,45,18.05,81.92,0.03
module_2_1,45,31.56,68.44,0
module_2_1,45,48,52,0
module_2_1,45,6.52,83.18,10.3
module_2_1,45,20,80,0
module_2_1,45,19.78,80.22,0
module_2_1,45,14.85,85.15,0
module_2_1,45,7.89,86.33,5.78
module_2_1,45,14.05,83.81,2.14
module_2_1,45,97.01,2.99,0
module_2_1,45,75.29,24.71,0
module_2_1,45,39.81,60.19,0
module_2_1,45,97.59,2.41,0
module_2_1,45,39.97,60.03,0
module_2_1,45,23.12,76.88,0
module_2_1,45,23.53,76.47,0
module_2_1,45,47.1,52.77,0.14
module_2_1,45,44.27,55.73,0
module_2_1,45,29.4,70.6,0
module_2_1,45,95.12,4.88,0
module_2_1,45,89.12,10.88,0
module_2_1,45,60.88,39.12,0
module_2_1,45,98.63,1.37,0
module_2_1,45,98,2,0
module_2_1,45,93.62,6.38,0
module_2_1,45,82.14,17.86,0
module_2_1,45,99.15,0.85,0
module_2_1,45,99.42,0.58,0
module_2_1,45,99.75,0.25,0
module_2_1,45,100,0,0
module_2_1,45,100,0,0
module_2_1,45,100,0,0
module_2_1,45,100,0,0
module_2_1,45,100,0,0
module_2_1,45,100,0,0
module_2_1,45,100,0,0
module_2_1,45,100,0,0
module_2_1,45,100,0,0
module_2_1,45,100,0,0
module_2_1,45,100,0,0
module_2_1,45,100,0,0
module_2_1,45,100,0,0
module_2_1,45,100,0,0
module_2_1,45,100,0,0
module_2_1,45,100,0,0
module_2_1,45,100,0,0
module_2_1,45,100,0,0
module_2_1,45,100,0,0
module_2_1,45,100,0,0
module_2_1,45,6.38,75.95,17.67
module_2_1,45,6.38,75.81,17.81
module_2_1,45,6.38,71.56,22.05
module_2_1,45,6.63,92.74,0.63
module_2_1,45,6.6,89.56,3.84
module_2_1,45,6.52,85.95,7.53
module_2_1,45,7.45,92.55,0
module_2_1,45,7.04,91.89,1.07
module_2_1,45,6.96,90.03,3.01
module_2_1,45,8.36,91.64,0
module_2_1,45,8.03,91.97,0
module_2_1,45,7.78,91.29,0.93
module_2_1,45,9.15,90.85,0
module_2_1,45,9.07,90.93,0
module_2_1,45,8.6,91.29,0.11
module_2_1,45,10.38,89.62,0
module_2_1,45,9.67,90.33,0
module_2_1,45,9.73,90.27,0
module_2_1,45,10.36,89.64,0
module_2_1,45,12.33,87.21,0.47
module_2_1,45,40.58,59.42,0
module_2_1,45,6.44,92.05,1.51
module_2_1,45,6.36,48.93,44.71
module_2_1,45,7.59,92.41,0
module_2_1,45,6.71,93.29,0
module_2_1,45,8.96,91.04,0
module_2_1,45,6.36,55.81,37.84
module_2_1,45,9.32,90.68,0
module_2_1,45,6.85,85.1,8.05
module_2_1,45,6.47,70.58,22.96
module_2_1,45,6.38,52.68,40.93
module_2_1,45,6.36,35.01,58.63
module_2_1,45,6.36,37.07,56.58
module_2_1,45,6.36,49.37,44.27
module_2_1,45,6.96,84.85,8.19
module_2_1,45,6.63,76.96,16.41
module_2_1,45,6.49,72.44,21.07
module_2_1,45,6.41,66.38,27.21
module_2_1,45,6.38,60.11,33.51
module_2_1,45,6.36,52.9,40.74
module_2_1,45,7.15,89.53,3.32
module_2_1,45,6.85,85.92,7.23
module_2_1,45,6.63,79.89,13.48
module_2_1,45,6.47,74.71,18.82
module_2_1,45,6.38,69.59,24.03
module_2_1,45,6.36,60.3,33.34
module_2_1,45,7.23,90,2.77
module_2_1,45,7.04,87.59,5.37
module_2_1,45,6.82,85.53,7.64
module_2_1,45,6.58,81.86,11.56
module_2_1,45,6.41,73.67,19.92
module_2_1,45,6.36,65.01,28.63
module_2_1,45,7.51,90.82,1.67
module_2_1,45,7.15,88.77,4.08
module_2_1,45,6.85,86.63,6.52
module_2_1,45,6.63,83.51,9.86
module_2_1,45,6.47,78.68,14.85
module_2_1,45,6.38,71.15,22.47
module_2_1,45,7.75,89.64,2.6
module_2_1,45,7.48,88.49,4.03
module_2_1,45,6.96,86.82,6.22
module_2_1,45,6.71,83.97,9.32
module_2_1,45,6.49,80.74,12.77
module_2_1,45,6.38,72.71,20.9
module_2_1,45,8.11,89.18,2.71
module_2_1,45,7.81,88.16,4.03
module_2_1,45,7.15,86,6.85
module_2_1,45,6.85,83.75,9.4
module_2_1,45,6.6,80.68,12.71
module_2_1,45,6.41,75.73,17.86
module_2_1,45,9.26,88.05,2.68
module_2_1,45,14.41,84.93,0.66
module_2_1,45,30.38,69.62,0
module_2_1,45,68.22,31.78,0
module_2_1,45,92.55,7.45,0
module_2_1,45,96.27,3.73,0
module_2_1,45,96.03,3.97,0
module_2_1,45,98.41,1.59,0
module_2_1,45,7.53,89.84,2.63
module_2_1,45,7.23,88.79,3.97
module_2_1,45,7.18,90.36,2.47
module_2_1,45,7.42,90.9,1.67
module_2_1,45,7.86,90.52,1.62
module_2_1,45,8.27,89.59,2.14
module_2_1,45,7.7,90.96,1.34
module_2_1,45,13.29,85.53,1.18
module_2_1,45,21.84,77.97,0.19
module_2_1,45,65.78,34.22,0
module_2_1,45,88.14,11.86,0
module_2_1,45,95.78,4.22,0
module_2_1,45,98.44,1.56,0
module_2_1,45,97.26,2.74,0
module_2_1,90,100,0,0
module_2_1,90,100,0,0
module_2_1,90,100,0,0
module_2_1,90,100,0,0
module_2_1,90,100,0,0
module_2_1,90,100,0,0
module_2_1,90,100,0,0
module_2_1,90,100,0,0
module_2_1,90,100,0,0
module_2_1,90,100,0,0
module_2_1,90,100,0,0
module_2_1,90,100,0,0
module_2_1,90,100,0,0
module_2_1,90,100,0,0
module_2_1,90,100,0,0
module_2_1,90,100,0,0
module_2_1,90,100,0,0
module_2_1,90,100,0,0
module_2_1,90,100,0,0
module_2_1,90,100,0,0
module_2_1,90,100,0,0
module_2_1,90,100,0,0
module_2_1,90,100,0,0
module_2_1,90,100,0,0
module_2_1,90,100,0,0
module_2_1,90,100,0,0
module_2_1,90,100,0,0
module_2_1,90,100,0,0
module_2_1,90,100,0,0
module_2_1,90,100,0,0
module_2_1,90,100,0,0
module_2_1,90,100,0,0
module_2_1,90,100,0,0
module_2_1,90,100,0,0
module_2_1,90,100,0,0
module_2_1,90,100,0,0
module_2_1,90,6.36,38.19,55.45
module_2_1,90,6.36,36.74,56.9
module_2_1,90,6.36,47.4,46.25
module_2_1,90,8.16,86.49,5.34
module_2_1,90,6.49,78.36,15.15
module_2_1,90,7.95,80.19,11.86
module_2_1,90,16.88,81.32,1.81
module_2_1,90,6.41,72.74,20.85
module_2_1,90,6.41,65.15,28.44
module_2_1,90,6.47,66.77,26.77
module_2_1,90,6.88,80.6,12.52
module_2_1,90,7.34,86.33,6.33
module_2_1,90,9.15,83.7,7.15
module_2_1,90,11.32,85.12,3.56
module_2_1,90,6.85,81.12,12.03
module_2_1,90,6.79,78.33,14.88
module_2_1,90,6.88,77.1,16.03
module_2_1,90,7.26,85.23,7.51
module_2_1,90,8.44,85.21,6.36
module_2_1,90,10.52,84.68,4.79
module_2_1,90,12.79,85.75,1.45
module_2_1,90,7.59,84.99,7.42
module_2_1,90,7.37,83.84,8.79
module_2_1,90,7.4,85.53,7.07
module_2_1,90,8.25,87.18,4.58
module_2_1,90,9.84,87.12,3.04
module_2_1,90,12.14,85.7,2.16
module_2_1,90,14,84.93,1.07
module_2_1,90,8.36,86.16,5.48
module_2_1,90,8,85.89,6.11
module_2_1,90,8.27,88.58,3.15
module_2_1,90,8.99,87.97,3.04
module_2_1,90,10.03,87.62,2.36
module_2_1,90,13.04,85.81,1.15
module_2_1,90,17.01,82.03,0.96
module_2_1,90,95.21,4.79,0
module_2_1,90,94.77,5.23,0
module_2_1,90,88.22,11.78,0
module_2_1,90,88.82,11.18,0
module_2_1,90,34.33,65.67,0
module_2_1,90,36.3,63.7,0
module_2_1,90,60.55,39.45,0
module_2_1,90,65.62,34.08,0.3
module_2_1,90,33.59,66.41,0
module_2_1,90,40.52,59.48,0
module_2_1,90,59.21,40.41,0.38
module_2_1,90,65.7,34.03,0.27
module_2_1,90,55.64,44.36,0
module_2_1,90,62.66,37.34,0
module_2_1,90,75.48,24.52,0
module_2_1,90,81.78,18.22,0
module_2_1,90,76.6,23.4,0
module_2_1,90,81.23,18.77,0
module_2_1,90,88.52,11.48,0
module_2_1,90,95.97,4.03,0
module_2_1,90,100,0,0
module_2_1,90,100,0,0
module_2_1,90,100,0,0
module_2_1,90,100,0,0
module_2_1,90,100,0,0
module_2_1,90,100,0,0
module_2_1,90,100,0,0
module_2_1,90,100,0,0
module_2_1,90,100,0,0
module_2_1,90,100,0,0
module_2_1,90,100,0,0
module_2_1,90,100,0,0
module_2_1,90,100,0,0
module_2_1,90,100,0,0
module_2_1,90,100,0,0
module_2_1,90,100,0,0
module_2_1,90,100,0,0
module_2_1,90,100,0,0
module_2_1,90,100,0,0
module_2_1,90,100,0,0
module_2_1,90,6.36,49.29,44.36
module_2_1,90,6.36,40.49,53.15
module_2_1,90,6.36,37.73,55.92
module_2_1,90,6.36,39.26,54.38
module_2_1,90,6.41,70.9,22.68
module_2_1,90,6.38,63.51,30.11
module_2_1,90,6.38,58.85,34.77
module_2_1,90,6.58,79.89,13.53
module_2_1,90,6.52,75.37,18.11
module_2_1,90,6.47,71.4,22.14
module_2_1,90,6.88,84.44,8.68
module_2_1,90,6.85,82.05,11.1
module_2_1,90,6.85,78.36,14.79
module_2_1,90,7.29,87.75,4.96
module_2_1,90,7.18,84.11,8.71
module_2_1,90,7.18,83.45,9.37
module_2_1,90,7.95,88.16,3.89
module_2_1,90,7.62,86.47,5.92
module_2_1,90,7.62,84.27,8.11
module_2_1,90,8.08,85.48,6.44
module_2_1,90,12.3,86.9,0.79
module_2_1,90,23.4,76.6,0
module_2_1,90,6.36,52.71,40.93
module_2_1,90,6.38,69.48,24.14
module_2_1,90,6.36,32.79,60.85
module_2_1,90,6.36,29.07,64.58
module_2_1,90,6.36,27.84,65.81
module_2_1,90,6.38,70.41,23.21
module_2_1,90,6.71,83.95,9.34
module_2_1,90,6.96,87.7,5.34
module_2_1,90,6.52,78.82,14.66
module_2_1,90,7.12,87.45,5.42
module_2_1,90,6.82,84.82,8.36
module_2_1,90,7.45,88.79,3.75
module_2_1,90,6.49,79.37,14.14
module_2_1,90,6.36,26.85,66.79
module_2_1,90,6.36,29.92,63.73
module_2_1,90,6.36,28.9,64.74
module_2_1,90,6.36,27.32,66.33
module_2_1,90,6.36,29.26,64.38
module_2_1,90,6.36,26.22,67.42
module_2_1,90,6.36,41.62,52.03
module_2_1,90,6.41,61.4,32.19
module_2_1,90,6.55,71.18,22.27
module_2_1,90,6.74,76,17.26
module_2_1,90,6.88,78.11,15.01
module_2_1,90,6.36,47.18,46.47
module_2_1,90,8.03,89.67,2.3
module_2_1,90,8.05,89.32,2.63
module_2_1,90,7.4,84.33,8.27
module_2_1,90,8.08,88.03,3.89
module_2_1,90,8.85,89.75,1.4
module_2_1,90,7.56,88.55,3.89
module_2_1,90,8.19,88.66,3.15
module_2_1,90,7.95,87.4,4.66
module_2_1,90,7.95,87.15,4.9
module_2_1,90,7.89,87.01,5.1
module_2_1,90,7.97,87.29,4.74
module_2_1,90,8.16,87.56,4.27
module_2_1,90,8.74,89.48,1.78
module_2_1,90,11.86,87.4,0.74
module_2_1,90,7.4,84.16,8.44
module_2_1,90,47.26,52.74,0
module_2_1,90,33.18,66.82,0
module_2_1,90,25.64,74.36,0
module_2_1,90,44.52,55.48,0
module_2_1,90,9.48,87.64,2.88
module_2_1,90,8.41,87.48,4.11
module_2_1,90,11.84,86.68,1.48
module_2_1,90,37.1,62.9,0
module_2_1,90,44.25,55.75,0
module_2_1,90,32.63,67.37,0
module_2_1,90,18.66,81.34,0
module_2_1,90,8.16,86.85,4.99
module_2_1,90,6.36,21.01,72.63
module_2_1,90,6.36,18.93,74.71
module_2_1,90,6.36,21.51,72.14
module_2_1,90,6.36,24.9,68.74
module_2_1,90,6.36,29.01,64.63
module_2_1,90,6.36,32.47,61.18
module_2_1,90,6.36,36.58,57.07
module_2_1,90,6.36,21.78,71.86
module_2_1,90,6.36,24.88,68.77
module_2_1,90,6.36,32.14,61.51
module_2_1,90,6.36,37.26,56.38
module_2_1,90,6.36,40.33,53.32
module_2_1,90,6.36,44.96,48.68
module_2_1,90,6.36,47.62,46.03
module_2_1,90,6.36,21.12,72.52
module_2_1,90,6.36,35.62,58.03
module_2_1,90,6.36,43.42,50.22
module_2_1,90,6.38,50.22,43.4
module_2_1,90,6.38,53.97,39.64
module_2_1,90,6.41,56.99,36.6
module_2_1,90,6.41,59.37,34.22
module_2_1,90,6.36,26.08,67.56
module_2_1,90,6.38,45.53,48.08
module_2_1,90,6.44,57.51,36.05
module_2_1,90,6.44,61.78,31.78
module_2_1,90,6.47,64.6,28.93
module_2_1,90,6.47,67.29,26.25
module_2_1,90,6.47,68.03,25.51
module_2_1,90,6.38,43.81,49.81
module_2_1,90,6.47,58.93,34.6
module_2_1,90,6.52,66.82,26.66
module_2_1,90,6.55,69.73,23.73
module_2_1,90,6.6,71.1,22.3
module_2_1,90,6.71,73.59,19.7
module_2_1,90,6.74,74.85,18.41
module_2_1,90,6.52,66.08,27.4
module_2_1,90,6.6,70.58,22.82
module_2_1,90,6.71,73.84,19.45
module_2_1,90,6.71,75.04,18.25
module_2_1,90,6.79,77.29,15.92
module_2_1,90,6.88,78.55,14.58
module_2_1,90,6.99,79.81,13.21
module_2_1,90,7.59,84.85,7.56
module_2_1,90,12.99,86.79,0.22
module_2_1,90,23.37,76.63,0
module_2_1,90,35.84,64.16,0
module_2_1,90,59.78,40.22,0
module_2_1,90,84.58,15.42,0
module_2_1,90,92.71,7.29,0
module_2_1,90,98.11,1.89,0
module_2_1,90,6.36,23.29,70.36
module_2_1,90,6.36,54.88,38.77
module_2_1,90,6.36,49.15,44.49
module_2_1,90,6.36,18.38,75.26
module_2_1,90,6.36,17.45,76.19
module_2_1,90,6.36,18.14,75.51
module_2_1,90,6.36,22.03,71.62
module_2_1,90,6.36,30.79,62.85
module_2_1,90,6.36,19.01,74.63
module_2_1,90,6.36,20.22,73.42
module_2_1,90,6.36,18.68,74.96
module_2_1,90,6.36,23.4,70.25
module_2_1,90,6.36,26.6,67.04
module_2_1,90,6.36,26.99,66.66
module_2_1,90,6.36,30.82,62.82
module_2_1,90,6.36,34.9,58.74
module_2_1,90,6.36,40.49,53.15
module_2_1,90,6.36,49.53,44.11
module_2_1,90,6.41,59.78,33.81
module_2_1,90,6.44,62.79,30.77
module_2_1,90,6.52,69.7,23.78
module_2_1,90,99.23,0.77,0
module_2_1,90,52.82,47.18,0
module_2_1,90,6.82,77.04,16.14
module_2_1,90,62.58,37.42,0
module_2_1,90,84.82,15.18,0
module_2_1,90,91.81,8.19,0
module_2_1,90,99.07,0.93,0
module_2_1,90,42.96,57.04,0
module_2_1,90,96.96,3.04,0
module_2_1,90,6.47,66.96,26.58
module_2_1,90,7.1,85.42,7.48
module_2_1,90,6.77,77.73,15.51
module_2_1,90,6.79,78.16,15.04
module_2_1,90,6.88,80.41,12.71
module_2_1,90,7.18,81.15,11.67
module_2_1,90,6.93,80.36,12.71
module_2_1,90,7.1,81.4,11.51
module_2_1,90,6.82,77.75,15.42
module_2_1,90,6.82,78.05,15.12
module_2_1,90,6.58,72.27,21.15
module_2_1,90,6.77,78.19,15.04
module_2_1,90,6.77,79.21,14.03
module_2_1,90,6.85,80.82,12.33
module_2_1,90,6.77,77.97,15.26
module_2_1,90,7.34,83.53,9.12
module_2_1,90,7.15,82.49,10.36
module_2_1,90,7.92,86.16,5.92
module_2_1,90,7.04,80.44,12.52
module_2_1,90,6.9,80.79,12.3
module_2_1,90,6.79,79.32,13.89
module_2_1,90,7.07,84.44,8.49
module_2_1,90,26.79,73.21,0
module_2_1,90,15.15,83.97,0.88
module_2_1,90,38.55,61.45,0
module_2_1,90,82.52,17.48,0
module_2_1,90,93.34,6.66,0
module_2_1,90,50.33,49.67,0
module_2_1,90,98.77,1.23,0
module_2_1,90,28.82,71.18,0
module_2_1,90,55.1,44.9,0
module_2_1,90,74.19,25.81,0
module_2_1,90,61.75,38.25,0
module_2_1,90,87.67,12.33,0
module_2_1,90,37.45,62.55,0
module_2_1,90,18,81.75,0.25
module_2_1,90,10.6,86.44,2.96
module_2_1,90,98.99,1.01,0
module_2_1,90,96.38,3.62,0
module_2_1,90,99.84,0.16,0
module_2_1,90,100,0,0
module_2_1,90,96.71,3.29,0
module_2_1,90,89.73,10.27,0
module_2_1,90,9.26,86.93,3.81
module_2_1,90,97.07,2.93,0
module_2_1,90,18.68,81.32,0
module_2_1,90,100,0,0
module_2_1,90,100,0,0
module_2_1,90,100,0,0
module_2_1,90,100,0,0
module_2_1,90,100,0,0
module_2_1,90,100,0,0
module_2_1,90,100,0,0
module_2_1,90,100,0,0
module_2_1,90,100,0,0
module_2_1,90,100,0,0
module_2_1,90,100,0,0
module_2_1,90,100,0,0
module_2_1,90,100,0,0
module_2_1,90,100,0,0
module_2_1,90,100,0,0
module_2_1,90,100,0,0
module_2_1,90,100,0,0
module_2_1,90,100,0,0
module_2_1,90,100,0,0
module_2_1,90,100,0,0
module_2_1,90,100,0,0
module_2_1,90,100,0,0
module_2_1,90,100,0,0
module_2_1,90,100,0,0
module_2_1,90,100,0,0
module_2_1,90,100,0,0
module_2_1,90,100,0,0
module_2_1,90,100,0,0
module_2_1,90,100,0,0
module_2_1,90,100,0,0
module_2_1,90,100,0,0
module_2_1,90,100,0,0
module_2_1,90,100,0,0
module_2_1,90,100,0,0
module_2_1,90,100,0,0
module_2_1,90,100,0,0
module_2_1,90,6.36,63.29,30.36
module_2_1,90,6.36,45.42,48.22
module_2_1,90,6.36,50.05,43.59
module_2_1,90,6.77,73.23,20
module_2_1,90,6.9,88.11,4.99
module_2_1,90,6.85,79.56,13.59
module_2_1,90,10.66,84.44,4.9
module_2_1,90,6.52,80.66,12.82
module_2_1,90,6.47,73.29,20.25
module_2_1,90,6.52,70.71,22.77
module_2_1,90,6.85,77.84,15.32
module_2_1,90,7.32,85.56,7.12
module_2_1,90,8.68,85.48,5.84
module_2_1,90,12.05,84.9,3.04
module_2_1,90,7.04,85.56,7.4
module_2_1,90,6.93,80.66,12.41
module_2_1,90,7.04,79.84,13.12
module_2_1,90,7.4,85.64,6.96
module_2_1,90,8.25,86.08,5.67
module_2_1,90,10.25,84.19,5.56
module_2_1,90,12.88,85.56,1.56
module_2_1,90,7.89,85.92,6.19
module_2_1,90,7.64,84.22,8.14
module_2_1,90,7.67,85.04,7.29
module_2_1,90,8.19,87.34,4.47
module_2_1,90,9.42,87.45,3.12
module_2_1,90,11.7,85.53,2.77
module_2_1,90,14.14,84.77,1.1
module_2_1,90,8.58,86.63,4.79
module_2_1,90,8.22,86.27,5.51
module_2_1,90,8,88,4
module_2_1,90,8.6,87.92,3.48
module_2_1,90,9.45,88.03,2.52
module_2_1,90,11.7,86.41,1.89
module_2_1,90,15.18,83.4,1.42
module_2_1,90,83.7,16.3,0
module_2_1,90,58.96,41.04,0
module_2_1,90,68.14,31.86,0
module_2_1,90,83.29,16.71,0
module_2_1,90,35.95,64.05,0
module_2_1,90,35.32,64.68,0
module_2_1,90,49.56,50.44,0
module_2_1,90,63.92,35.86,0.22
module_2_1,90,44.93,55.07,0
module_2_1,90,45.32,54.68,0
module_2_1,90,60.41,38.68,0.9
module_2_1,90,78.33,21.67,0
module_2_1,90,63.26,36.74,0
module_2_1,90,64.77,35.23,0
module_2_1,90,78.38,21.59,0.03
module_2_1,90,92.52,7.48,0
module_2_1,90,83.01,16.99,0
module_2_1,90,81.48,18.52,0
module_2_1,90,88.58,11.42,0
module_2_1,90,98.93,1.07,0
module_2_1,90,100,0,0
module_2_1,90,100,0,0
module_2_1,90,100,0,0
module_2_1,90,100,0,0
module_2_1,90,100,0,0
module_2_1,90,100,0,0
module_2_1,90,100,0,0
module_2_1,90,100,0,0
module_2_1,90,100,0,0
module_2_1,90,100,0,0
module_2_1,90,100,0,0
module_2_1,90,100,0,0
module_2_1,90,100,0,0
module_2_1,90,100,0,0
module_2_1,90,100,0,0
module_2_1,90,100,0,0
module_2_1,90,100,0,0
module_2_1,90,100,0,0
module_2_1,90,100,0,0
module_2_1,90,100,0,0
module_2_1,90,6.36,62.63,31.01
module_2_1,90,6.36,51.07,42.58
module_2_1,90,6.36,45.89,47.75
module_2_1,90,6.47,76.6,16.93
module_2_1,90,6.44,70.11,23.45
module_2_1,90,6.41,64.55,29.04
module_2_1,90,6.74,83.48,9.78
module_2_1,90,6.63,78.71,14.66
module_2_1,90,6.58,76.22,17.21
module_2_1,90,7.12,86.27,6.6
module_2_1,90,6.9,83.78,9.32
module_2_1,90,6.9,82.08,11.01
module_2_1,90,7.56,87.75,4.68
module_2_1,90,7.37,86.14,6.49
module_2_1,90,7.32,83.86,8.82
module_2_1,90,8.03,88.44,3.53
module_2_1,90,7.92,87.21,4.88
module_2_1,90,7.92,86.36,5.73
module_2_1,90,8.16,85.7,6.14
module_2_1,90,9.29,87.32,3.4
module_2_1,90,19.51,80.49,0
module_2_1,90,6.38,56.96,36.66
module_2_1,90,6.47,67.53,26
module_2_1,90,7.1,79.95,12.96
module_2_1,90,6.36,24.66,68.99
module_2_1,90,6.36,20.41,73.23
module_2_1,90,6.36,22.58,71.07
module_2_1,90,6.36,27.1,66.55
module_2_1,90,6.36,29.86,63.78
module_2_1,90,6.36,35.64,58
module_2_1,90,6.36,39.23,54.41
module_2_1,90,6.36,19.18,74.47
module_2_1,90,6.36,25.67,67.97
module_2_1,90,6.36,32.63,61.01
module_2_1,90,6.36,39.15,54.49
module_2_1,90,6.36,42.58,51.07
module_2_1,90,6.36,48.9,44.74
module_2_1,90,6.38,51.78,41.84
module_2_1,90,6.36,17.78,75.86
module_2_1,90,6.36,33.23,60.41
module_2_1,90,6.38,45.1,48.52
module_2_1,90,6.38,52.03,41.59
module_2_1,90,6.41,57.51,36.08
module_2_1,90,6.44,60.74,32.82
module_2_1,90,6.44,61.84,31.73
module_2_1,90,6.36,22.11,71.53
module_2_1,90,6.38,44.99,48.63
module_2_1,90,6.44,57.18,36.38
module_2_1,90,6.47,64.58,28.96
module_2_1,90,6.47,67.1,26.44
module_2_1,90,6.52,68.55,24.93
module_2_1,90,6.55,69.42,24.03
module_2_1,90,6.38,46.11,47.51
module_2_1,90,6.47,61.07,32.47
module_2_1,90,6.52,66.36,27.12
module_2_1,90,6.58,71.42,22
module_2_1,90,6.66,72.88,20.47
module_2_1,90,6.71,74.77,18.52
module_2_1,90,6.82,76.08,17.1
module_2_1,90,6.66,72.85,20.49
module_2_1,90,6.71,73.1,20.19
module_2_1,90,6.71,75.45,17.84
module_2_1,90,6.74,75.37,17.89
module_2_1,90,6.82,77.53,15.64
module_2_1,90,6.88,78.99,14.14
module_2_1,90,6.99,79.92,13.1
module_2_1,90,7.26,81.51,11.23
module_2_1,90,9.62,87.21,3.18
module_2_1,90,16.9,83.1,0
module_2_1,90,31.56,68.44,0
module_2_1,90,50.19,49.81,0
module_2_1,90,87.29,12.71,0
module_2_1,90,90.33,9.67,0
module_2_1,90,95.21,4.79,0
module_2_1,90,6.36,20.27,73.37
module_2_1,90,6.36,40.05,53.59
module_2_1,90,6.36,17.07,76.58
module_2_1,90,6.36,18,75.64
module_2_1,90,6.36,20.08,73.56
module_2_1,90,6.36,24.33,69.32
module_2_1,90,6.36,16.03,77.62
module_2_1,90,6.36,14.77,78.88
module_2_1,90,6.36,14,79.64
module_2_1,90,6.38,52.14,41.48
module_2_1,90,6.36,31.01,62.63
module_2_1,90,6.36,24.93,68.71
module_2_1,90,6.38,52.14,41.48
module_2_1,90,6.66,72.11,21.23
module_2_1,135,100,0,0
module_2_1,135,100,0,0
module_2_1,135,100,0,0
module_2_1,135,100,0,0
module_2_1,135,100,0,0
module_2_1,135,100,0,0
module_2_1,135,100,0,0
module_2_1,135,100,0,0
module_2_1,135,100,0,0
module_2_1,135,100,0,0
module_2_1,135,100,0,0
module_2_1,135,100,0,0
module_2_1,135,100,0,0
module_2_1,135,100,0,0
module_2_1,135,100,0,0
module_2_1,135,100,0,0
module_2_1,135,100,0,0
module_2_1,135,100,0,0
module_2_1,135,100,0,0
module_2_1,135,100,0,0
module_2_1,135,100,0,0
module_2_1,135,100,0,0
module_2_1,135,100,0,0
module_2_1,135,100,0,0
module_2_1,135,100,0,0
module_2_1,135,100,0,0
module_2_1,135,100,0,0
module_2_1,135,100,0,0
module_2_1,135,100,0,0
module_2_1,135,100,0,0
module_2_1,135,100,0,0
module_2_1,135,100,0,0
module_2_1,135,100,0,0
module_2_1,135,100,0,0
module_2_1,135,100,0,0
module_2_1,135,100,0,0
module_2_1,135,7.48,83.95,8.58
module_2_1,135,7.12,79.84,13.04
module_2_1,135,6.68,68.6,24.71
module_2_1,135,6.38,50.79,42.82
module_2_1,135,6.36,22.77,70.88
module_2_1,135,7.42,82.3,10.27
module_2_1,135,7.12,76.08,16.79
module_2_1,135,6.68,67.32,26
module_2_1,135,6.38,46.93,46.68
module_2_1,135,6.36,19.62,74.03
module_2_1,135,7.51,82.33,10.16
module_2_1,135,7.18,76.96,15.86
module_2_1,135,6.77,67.01,26.22
module_2_1,135,6.44,52.68,40.88
module_2_1,135,6.36,31.67,61.97
module_2_1,135,8.05,83.56,8.38
module_2_1,135,7.29,79.42,13.29
module_2_1,135,6.88,72.96,20.16
module_2_1,135,6.58,61.45,31.97
module_2_1,135,7.51,79.92,12.58
module_2_1,135,8.36,84.63,7.01
module_2_1,135,7.4,79.01,13.59
module_2_1,135,6.9,70.3,22.79
module_2_1,135,6.44,56.63,36.93
module_2_1,135,6.36,28.33,65.32
module_2_1,135,8.85,84.6,6.55
module_2_1,135,8.22,82.36,9.42
module_2_1,135,7.37,76.55,16.08
module_2_1,135,6.55,59.51,33.95
module_2_1,135,6.38,50.49,43.12
module_2_1,135,9.51,85.18,5.32
module_2_1,135,8.99,85.1,5.92
module_2_1,135,8.36,82.44,9.21
module_2_1,135,8.49,79.21,12.3
module_2_1,135,11.34,83.7,4.96
module_2_1,135,28.6,68.68,2.71
module_2_1,135,26.96,70.85,2.19
module_2_1,135,28.66,69.53,1.81
module_2_1,135,30.63,67.92,1.45
module_2_1,135,20.9,75.45,3.64
module_2_1,135,18.74,78.27,2.99
module_2_1,135,20.47,77.78,1.75
module_2_1,135,27.59,70.71,1.7
module_2_1,135,16.96,78.38,4.66
module_2_1,135,15.7,80.58,3.73
module_2_1,135,13.89,79.92,6.19
module_2_1,135,17.21,77.86,4.93
module_2_1,135,16.79,78.27,4.93
module_2_1,135,13.1,80.14,6.77
module_2_1,135,12.52,80.77,6.71
module_2_1,135,18.88,77.48,3.64
module_2_1,135,25.81,70.88,3.32
module_2_1,135,34.22,65.78,0
module_2_1,135,20.22,79.42,0.36
module_2_1,135,44.33,55.67,0
module_2_1,135,100,0,0
module_2_1,135,100,0,0
module_2_1,135,100,0,0
module_2_1,135,100,0,0
module_2_1,135,100,0,0
module_2_1,135,100,0,0
module_2_1,135,100,0,0
module_2_1,135,100,0,0
module_2_1,135,100,0,0
module_2_1,135,100,0,0
module_2_1,135,100,0,0
module_2_1,135,100,0,0
module_2_1,135,100,0,0
module_2_1,135,100,0,0
module_2_1,135,100,0,0
module_2_1,135,100,0,0
module_2_1,135,100,0,0
module_2_1,135,100,0,0
module_2_1,135,100,0,0
module_2_1,135,100,0,0
module_2_1,135,6.36,33.92,59.73
module_2_1,135,6.36,28.27,65.37
module_2_1,135,6.36,34.11,59.53
module_2_1,135,6.36,29.23,64.41
module_2_1,135,6.44,59.34,34.22
module_2_1,135,6.38,48.93,44.68
module_2_1,135,6.38,46.36,47.26
module_2_1,135,6.68,66.63,26.68
module_2_1,135,6.63,66.79,26.58
module_2_1,135,6.52,62.88,30.6
module_2_1,135,7.04,78.22,14.74
module_2_1,135,6.93,75.56,17.51
module_2_1,135,6.99,76.38,16.63
module_2_1,135,7.42,84,8.58
module_2_1,135,7.45,83.01,9.53
module_2_1,135,7.45,82.58,9.97
module_2_1,135,7.92,85.92,6.16
module_2_1,135,8.03,84.82,7.15
module_2_1,135,8.11,85.15,6.74
module_2_1,135,8.74,85.53,5.73
module_2_1,135,14.33,84.49,1.18
module_2_1,135,42.03,57.97,0
module_2_1,135,6.36,33.95,59.7
module_2_1,135,6.36,48.36,45.29
module_2_1,135,6.36,21.78,71.86
module_2_1,135,6.36,19.23,74.41
module_2_1,135,6.36,17.84,75.81
module_2_1,135,6.66,68.55,24.79
module_2_1,135,6.88,74.74,18.38
module_2_1,135,6.47,62.55,30.99
module_2_1,135,7.07,78.82,14.11
module_2_1,135,6.74,71.53,21.73
module_2_1,135,6.36,17.32,76.33
module_2_1,135,6.36,18.44,75.21
module_2_1,135,6.36,19.89,73.75
module_2_1,135,6.36,17.1,76.55
module_2_1,135,6.36,35.21,58.44
module_2_1,135,6.41,52.85,40.74
module_2_1,135,6.63,67.75,25.62
module_2_1,135,6.85,74.55,18.6
module_2_1,135,6.96,78.44,14.6
module_2_1,135,6.36,38.85,54.79
module_2_1,135,7.67,85.97,6.36
module_2_1,135,8.14,86.47,5.4
module_2_1,135,7.7,83.67,8.63
module_2_1,135,8.14,86.41,5.45
module_2_1,135,8.19,87.15,4.66
module_2_1,135,8.19,86.22,5.59
module_2_1,135,8.16,86.6,5.23
module_2_1,135,8.33,85.67,6
module_2_1,135,8.27,85.1,6.63
module_2_1,135,8.19,85.42,6.38
module_2_1,135,8.52,85.95,5.53
module_2_1,135,8.22,86.82,4.96
module_2_1,135,12.9,85.81,1.29
module_2_1,135,7.67,83.23,9.1
module_2_1,135,73.32,26.68,0
module_2_1,135,44.25,55.75,0
module_2_1,135,30.6,69.4,0
module_2_1,135,71.56,28.44,0
module_2_1,135,10.25,86.11,3.64
module_2_1,135,9.23,86.05,4.71
module_2_1,135,13.97,85.32,0.71
module_2_1,135,69.86,30.14,0
module_2_1,135,77.42,22.58,0
module_2_1,135,75.29,24.71,0
module_2_1,135,48.85,51.15,0
module_2_1,135,8.66,85.84,5.51
module_2_1,135,6.49,55.01,38.49
module_2_1,135,6.36,23.67,69.97
module_2_1,135,6.36,20.96,72.68
module_2_1,135,6.36,17.4,76.25
module_2_1,135,6.36,16.82,76.82
module_2_1,135,6.36,22,71.64
module_2_1,135,6.63,62.3,31.07
module_2_1,135,6.44,44.03,49.53
module_2_1,135,6.38,31.56,62.05
module_2_1,135,6.36,22.05,71.59
module_2_1,135,6.36,18.08,75.56
module_2_1,135,6.36,18.25,75.4
module_2_1,135,6.68,65.53,27.78
module_2_1,135,6.49,50.47,43.04
module_2_1,135,6.41,37.53,56.05
module_2_1,135,6.36,26.11,67.53
module_2_1,135,6.36,20.6,73.04
module_2_1,135,6.36,16.49,77.15
module_2_1,135,6.77,70.33,22.9
module_2_1,135,6.55,58.85,34.6
module_2_1,135,6.44,46.05,47.51
module_2_1,135,6.36,35.75,57.89
module_2_1,135,6.36,22.33,71.32
module_2_1,135,6.36,16.79,76.85
module_2_1,135,6.85,77.37,15.78
module_2_1,135,6.63,64.58,28.79
module_2_1,135,6.44,49.62,43.95
module_2_1,135,6.38,36.85,56.77
module_2_1,135,6.36,24.36,69.29
module_2_1,135,6.36,17.34,76.3
module_2_1,135,6.96,78.96,14.08
module_2_1,135,6.74,72,21.26
module_2_1,135,6.49,57.45,36.05
module_2_1,135,6.38,46.44,47.18
module_2_1,135,6.36,29.37,64.27
module_2_1,135,6.36,19.15,74.49
module_2_1,135,7.34,81.42,11.23
module_2_1,135,6.9,77.21,15.89
module_2_1,135,6.63,65.7,27.67
module_2_1,135,6.41,51.62,41.97
module_2_1,135,6.36,33.89,59.75
module_2_1,135,6.36,22.66,70.99
module_2_1,135,8.58,84.08,7.34
module_2_1,135,12.3,86.14,1.56
module_2_1,135,23.51,76.49,0
module_2_1,135,37.26,62.74,0
module_2_1,135,41.97,58.03,0
module_2_1,135,89.64,10.36,0
module_2_1,135,92.25,7.75,0
module_2_1,135,96.79,3.21,0
module_2_1,135,6.96,79.42,13.62
module_2_1,135,6.93,79.32,13.75
module_2_1,135,6.82,74.77,18.41
module_2_1,135,6.79,74.88,18.33
module_2_1,135,6.38,35.89,57.73
module_2_1,135,6.55,59.59,33.86
module_2_1,135,6.36,18.05,75.59
module_2_1,135,6.36,18.82,74.82
module_2_1,135,6.79,75.04,18.16
module_2_1,135,6.85,76.55,16.6
module_2_1,135,8.52,86.03,5.45
module_2_1,135,7.84,83.75,8.41
module_2_1,135,6.88,79.01,14.11
module_2_1,135,7.7,84.19,8.11
module_2_1,135,6.36,17.07,76.58
module_2_1,135,6.36,15.84,77.81
module_2_1,135,6.36,13.26,80.38
module_2_1,135,6.36,13.78,79.86
module_2_1,135,6.36,14.11,79.53
module_2_1,135,6.36,32,61.64
module_2_1,135,6.36,38.66,54.99
module_2_1,135,6.36,16.88,76.77
module_2_1,135,6.36,31.78,61.86
module_2_1,135,6.36,25.97,67.67
module_2_1,135,6.36,17.42,76.22
module_2_1,135,6.36,15.53,78.11
module_2_1,135,6.36,15.56,78.08
module_2_1,135,6.36,15.86,77.78
module_2_1,135,6.36,16.93,76.71
module_2_1,135,6.36,15.56,78.08
module_2_1,135,6.36,14.47,79.18
module_2_1,135,6.36,15.18,78.47
module_2_1,135,6.36,15.21,78.44
module_2_1,135,6.36,14.9,78.74
module_2_1,135,6.36,15.29,78.36
module_2_1,135,6.36,14.96,78.68
module_2_1,135,6.36,15.89,77.75
module_2_1,135,8.9,85.37,5.73
module_2_1,135,11.01,86.25,2.74
module_2_1,135,19.97,80.03,0
module_2_1,135,17.37,82.63,0
module_2_1,135,30.25,69.75,0
module_2_1,135,23.81,76.19,0
module_2_1,135,7.84,82.77,9.4
module_2_1,135,48.08,51.92,0
module_2_1,135,89.84,10.16,0
module_2_1,135,97.53,2.47,0
module_2_1,135,88.74,11.26,0
module_2_1,135,97.4,2.6,0
module_2_1,135,97.4,2.6,0
module_2_1,135,38.58,61.42,0
module_2_1,135,6.68,70.03,23.29
module_2_1,135,6.63,64.85,28.52
module_2_1,135,6.82,74.25,18.93
module_2_1,135,6.99,80.05,12.96
module_2_1,135,6.49,58.41,35.1
module_2_1,135,6.38,45.48,48.14
module_2_1,135,6.36,34.52,59.12
module_2_1,135,6.36,29.92,63.73
module_2_1,135,6.38,41.81,51.81
module_2_1,135,6.41,51.95,41.64
module_2_1,135,6.36,15.89,77.75
module_2_1,135,88.93,11.07,0
module_2_1,135,91.78,8.22,0
module_2_1,135,98.14,1.86,0
module_2_1,135,97.21,2.79,0
module_2_1,135,95.97,4.03,0
module_2_1,135,96.55,3.45,0
module_2_1,135,37.34,62.66,0
module_2_1,135,53.89,46.11,0
module_2_1,135,70,30,0
module_2_1,135,86.6,13.4,0
module_2_1,135,97.48,2.52,0
module_2_1,135,17.59,82.41,0
module_2_1,135,50.14,49.86,0
module_2_1,135,8.14,84.33,7.53
module_2_1,135,100,0,0
module_2_1,135,100,0,0
module_2_1,135,100,0,0
module_2_1,135,100,0,0
module_2_1,135,100,0,0
module_2_1,135,100,0,0
module_2_1,135,100,0,0
module_2_1,135,100,0,0
module_2_1,135,100,0,0
module_2_1,135,100,0,0
module_2_1,135,100,0,0
module_2_1,135,100,0,0
module_2_1,135,100,0,0
module_2_1,135,100,0,0
module_2_1,135,100,0,0
module_2_1,135,100,0,0
module_2_1,135,100,0,0
module_2_1,135,100,0,0
module_2_1,135,100,0,0
module_2_1,135,100,0,0
module_2_1,135,100,0,0
module_2_1,135,100,0,0
module_2_1,135,100,0,0
module_2_1,135,100,0,0
module_2_1,135,100,0,0
module_2_1,135,100,0,0
module_2_1,135,100,0,0
module_2_1,135,100,0,0
module_2_1,135,100,0,0
module_2_1,135,100,0,0
module_2_1,135,100,0,0
module_2_1,135,100,0,0
module_2_1,135,100,0,0
module_2_1,135,100,0,0
module_2_1,135,100,0,0
module_2_1,135,100,0,0
module_2_1,135,7.62,84.44,7.95
module_2_1,135,7.32,81.42,11.26
module_2_1,135,6.82,70.96,22.22
module_2_1,135,6.44,60.88,32.68
module_2_1,135,6.36,39.15,54.49
module_2_1,135,7.45,83.29,9.26
module_2_1,135,7.29,79.64,13.07
module_2_1,135,6.82,70.9,22.27
module_2_1,135,6.44,54.47,39.1
module_2_1,135,6.36,26.71,66.93
module_2_1,135,7.42,83.18,9.4
module_2_1,135,7.4,80.52,12.08
module_2_1,135,6.88,71.12,22
module_2_1,135,6.49,57.81,35.7
module_2_1,135,6.36,32.52,61.12
module_2_1,135,7.81,83.62,8.58
module_2_1,135,7.4,81.04,11.56
module_2_1,135,6.93,72.71,20.36
module_2_1,135,6.63,64.68,28.68
module_2_1,135,6.63,69.29,24.08
module_2_1,135,8.36,84.38,7.26
module_2_1,135,8,83.59,8.41
module_2_1,135,7.04,76.05,16.9
module_2_1,135,6.63,63.18,30.19
module_2_1,135,6.38,46.3,47.32
module_2_1,135,8.74,84.6,6.66
module_2_1,135,8.41,82.93,8.66
module_2_1,135,7.4,78.93,13.67
module_2_1,135,6.85,70.08,23.07
module_2_1,135,6.36,41.95,51.7
module_2_1,135,9.86,85.26,4.88
module_2_1,135,9.04,84.41,6.55
module_2_1,135,8.3,81.7,10
module_2_1,135,7.89,77.97,14.14
module_2_1,135,8,75.45,16.55
module_2_1,135,28.55,68.9,2.55
module_2_1,135,24.08,73.48,2.44
module_2_1,135,22.68,75.34,1.97
module_2_1,135,35.32,63.51,1.18
module_2_1,135,20.52,75.81,3.67
module_2_1,135,18.08,78.66,3.26
module_2_1,135,17.62,79.48,2.9
module_2_1,135,19.34,77.84,2.82
module_2_1,135,16.6,78.33,5.07
module_2_1,135,14.68,80.96,4.36
module_2_1,135,14.9,80.63,4.47
module_2_1,135,16,78.25,5.75
module_2_1,135,27.56,68.6,3.84
module_2_1,135,13.21,78.63,8.16
module_2_1,135,12.49,80.33,7.18
module_2_1,135,17.18,79.92,2.9
module_2_1,135,69.32,30.68,0
module_2_1,135,20.38,74.99,4.63
module_2_1,135,38.33,61.67,0
module_2_1,135,57.92,42.08,0
module_2_1,135,100,0,0
module_2_1,135,100,0,0
module_2_1,135,100,0,0
module_2_1,135,100,0,0
module_2_1,135,100,0,0
module_2_1,135,100,0,0
module_2_1,135,100,0,0
module_2_1,135,100,0,0
module_2_1,135,100,0,0
module_2_1,135,100,0,0
module_2_1,135,100,0,0
module_2_1,135,100,0,0
module_2_1,135,100,0,0
module_2_1,135,100,0,0
module_2_1,135,100,0,0
module_2_1,135,100,0,0
module_2_1,135,100,0,0
module_2_1,135,100,0,0
module_2_1,135,100,0,0
module_2_1,135,100,0,0
module_2_1,135,6.36,44.6,49.04
module_2_1,135,6.36,35.62,58.03
module_2_1,135,6.36,26.16,67.48
module_2_1,135,6.41,54.96,38.63
module_2_1,135,6.41,54.9,38.68
module_2_1,135,6.41,52,41.59
module_2_1,135,6.6,66.41,26.99
module_2_1,135,6.55,62.49,30.96
module_2_1,135,6.63,66.27,27.1
module_2_1,135,6.93,74.41,18.66
module_2_1,135,6.85,72.66,20.49
module_2_1,135,6.85,73.56,19.59
module_2_1,135,7.32,82.22,10.47
module_2_1,135,7.21,81.89,10.9
module_2_1,135,7.21,81.15,11.64
module_2_1,135,7.86,85.53,6.6
module_2_1,135,7.59,84.41,8
module_2_1,135,7.78,84.44,7.78
module_2_1,135,8.25,84.63,7.12
module_2_1,135,9.64,85.92,4.44
module_2_1,135,37.21,62.79,0
module_2_1,135,6.38,50.49,43.12
module_2_1,135,6.36,19.34,74.3
module_2_1,135,6.47,60.55,32.99
module_2_1,135,7.18,81.01,11.81
module_2_1,135,6.36,20.27,73.37
module_2_1,135,6.38,49.56,44.05
module_2_1,135,6.55,61.29,32.16
module_2_1,135,7.18,81.45,11.37
module_2_1,135,7.4,83.51,9.1
module_2_1,135,6.6,63.45,29.95
module_2_1,135,6.41,35.92,57.67
module_2_1,135,6.36,18.68,74.96
module_2_1,135,6.36,15.92,77.73
module_2_1,135,6.36,15.37,78.27
module_2_1,135,6.36,20.16,73.48
module_2_1,135,6.68,66.52,26.79
module_2_1,135,6.47,46.77,46.77
module_2_1,135,6.38,31.29,62.33
module_2_1,135,6.36,25.42,68.22
module_2_1,135,6.36,20.08,73.56
module_2_1,135,6.36,18.16,75.48
module_2_1,135,6.77,71.59,21.64
module_2_1,135,6.58,59.59,33.84
module_2_1,135,6.44,45.12,48.44
module_2_1,135,6.38,34.03,59.59
module_2_1,135,6.36,21.26,72.38
module_2_1,135,6.36,18.36,75.29
module_2_1,135,6.79,74.05,19.15
module_2_1,135,6.63,63.23,30.14
module_2_1,135,6.44,48.85,44.71
module_2_1,135,6.38,37.81,55.81
module_2_1,135,6.36,23.84,69.81
module_2_1,135,6.36,18.58,75.07
module_2_1,135,6.85,76.55,16.6
module_2_1,135,6.68,67.51,25.81
module_2_1,135,6.49,56.55,36.96
module_2_1,135,6.38,42.6,51.01
module_2_1,135,6.36,30.41,63.23
module_2_1,135,6.36,19.29,74.36
module_2_1,135,7.18,80.9,11.92
module_2_1,135,6.85,75.78,17.37
module_2_1,135,6.63,64.88,28.49
module_2_1,135,6.41,48.52,45.07
module_2_1,135,6.36,32.16,61.48
module_2_1,135,6.36,21.53,72.11
module_2_1,135,7.29,81.7,11.01
module_2_1,135,6.9,79.29,13.81
module_2_1,135,6.66,68.77,24.58
module_2_1,135,6.44,54.99,38.58
module_2_1,135,6.38,43.1,50.52
module_2_1,135,6.36,28.19,65.45
module_2_1,135,7.84,82.68,9.48
module_2_1,135,13.73,85.86,0.41
module_2_1,135,19.18,80.82,0
module_2_1,135,32.99,67.01,0
module_2_1,135,60.71,39.29,0
module_2_1,135,75.18,24.82,0
module_2_1,135,96.77,3.23,0
module_2_1,135,96.16,3.84,0
module_2_1,135,6.82,75.48,17.7
module_2_1,135,6.79,73.64,19.56
module_2_1,135,6.79,75.07,18.14
module_2_1,135,6.85,76.96,16.19
module_2_1,135,7.62,82.63,9.75
module_2_1,135,7.64,83.37,8.99
module_2_1,135,7.01,80.33,12.66
module_2_1,135,12.44,86.16,1.4
module_2_1,135,16.79,83.21,0
module_2_1,135,36.11,63.89,0
module_2_1,135,44.05,55.95,0
module_2_1,135,89.07,10.93,0
module_2_1,135,95.4,4.6,0
module_2_1,135,86.03,13.97,0
